X.SampleID	elevation	AGE	Temperature	Precipitation3Days	INBREDS	Maize_Line
11116.I22A093.1194690	120.16	11	76.2	0.21	Oh7B	Non_Stiff_Stalk
11116.I29A077.1197259	120.16	6	66.8	0.85	CML322	Tropical
11116.A05A088.1196516	125.86	10	69.5	0.12	MS71	Non_Stiff_Stalk
11116.A09C118.1197337	125.86	20	49.4	0.63	Il14H	Sweet_Corn
11116.A11C064.1194809	125.86	2	69.2	0.47	NC350	Tropical
11116.A12B064.1195663	125.86	2	69.2	0.47	B73	Stiff_Stalk
11116.A18A076.1197394	125.86	6	66.8	0.85	B97	Non_Stiff_Stalk
11116.A18C070.1194727	125.86	4	64.8	0.4	B97	Non_Stiff_Stalk
11116.A21B085.1193945	125.86	9	71.2	0.03	B97	Non_Stiff_Stalk
11116.A21B097.1198404	125.86	13	68.3	0.07	Oh7B	Non_Stiff_Stalk
11116.A04B103.1196185	125.86	15	74.5	0.01	MS71	Non_Stiff_Stalk
11116.A26D076.1194374	125.86	6	66.8	0.85	Tx303	Mixed
11116.A03B073.1198468	125.86	5	67.7	0.07	Ki3	Tropical
11116.A17D103.1197812	125.86	15	74.5	0.01	Mo17	Non_Stiff_Stalk
11116.A15A073.1196300	125.86	5	67.7	0.07	Ki11	Tropical
11116.A25A067.1197747	125.86	3	54.5	0.91	P39	Sweet_Corn
11116.A25B076.1193837	125.86	6	66.8	0.85	P39	Sweet_Corn
11116.A26B100.1194303	125.86	14	64.1	3.31	Tx303	Mixed
11116.A04C091.1196238	125.86	11	76.2	0.21	Oh43	Non_Stiff_Stalk
11116.A18D091.1196873	125.86	11	76.2	0.21	Hp301	Popcorn
11116.A19D067.1196921	125.86	3	54.5	0.91	CML69	Tropical
11116.A28A118.1196538	125.86	20	49.4	0.63	Mo17	Non_Stiff_Stalk
11116.I06A119.1194304	120.16	20	49.4	0.63	Mo17	Non_Stiff_Stalk
11116.A03D103.1196464	125.86	15	74.5	0.01	Ki3	Tropical
11116.A15C103.1197053	125.86	15	74.5	0.01	Ki11	Tropical
11116.I21A064.1197674	120.16	2	69.2	0.47	NC358	Tropical
11116.I21A091.1197157	120.16	11	76.2	0.21	NC358	Tropical
11116.I05A076.1195402	120.16	6	66.8	0.85	MS71	Non_Stiff_Stalk
11116.I07A081.1198376	120.16	7	80	0	CML52	Tropical
11116.I10A101.1197188	120.16	14	64.1	3.31	M162W	Non_Stiff_Stalk
11116.I11A087.1197988	120.16	9	71.2	0.03	NC350	Tropical
11116.L07A069.1194873	260.1	3	54.5	0.91	CML52	Tropical
11116.L10A064.1196041	260.1	2	69.2	0.47	CML277	Tropical
11116.A09D070.1194025	125.86	4	64.8	0.4	M162W	Non_Stiff_Stalk
11116.L18A071.1194688	260.1	4	64.8	0.4	Hp301	Popcorn
11116.A23A091.1194129	125.86	11	76.2	0.21	B73	Stiff_Stalk
11116.A10D085.1193664	125.86	9	71.2	0.03	Tx303	Mixed
11116.A19D085.1198367	125.86	9	71.2	0.03	Oh43	Non_Stiff_Stalk
11116.A22C082.1194985	125.86	8	73.2	0.09	Oh7B	Non_Stiff_Stalk
11116.A07B088.1194377	125.86	10	69.5	0.12	CML52	Tropical
11116.A15D079.1195052	125.86	7	80	0	Mo17	Non_Stiff_Stalk
11116.L26A089.1196178	260.1	10	69.5	0.12	Tx303	Mixed
11116.I15A118.1197595	120.16	20	49.4	0.63	Ki11	Tropical
11116.I06A086.1197790	120.16	9	71.2	0.03	Mo17	Non_Stiff_Stalk
11116.I15A093.1195246	120.16	11	76.2	0.21	Ki11	Tropical
11116.L11A069.1194228	260.1	3	54.5	0.91	NC350	Tropical
11116.L30A104.1198312	260.1	15	74.5	0.01	CML247	Tropical
11116.I05A073.1195721	120.16	5	67.7	0.07	MS71	Non_Stiff_Stalk
11116.I19A102.1197590	120.16	14	64.1	3.31	CML69	Tropical
11116.L05A067.1196188	260.1	3	54.5	0.91	Mo18W	Mixed
11116.L22A101.1197459	260.1	14	64.1	3.31	CML322	Tropical
11116.L25A079.1194278	260.1	7	80	0	P39	Sweet_Corn
11116.L29A076.1194613	260.1	6	66.8	0.85	Oh43	Non_Stiff_Stalk
11116.A08C070.1196536	125.86	4	64.8	0.4	CML277	Tropical
11116.I05A118.1194233	120.16	20	49.4	0.63	MS71	Non_Stiff_Stalk
11116.I19A093.1194585	120.16	11	76.2	0.21	CML69	Tropical
11116.L25A085.1198198	260.1	9	71.2	0.03	Mo17	Non_Stiff_Stalk
11116.A09C064.1193798	125.86	2	69.2	0.47	Il14H	Sweet_Corn
11116.A16A067.1194201	125.86	3	54.5	0.91	CML247	Tropical
11116.A23D076.1198032	125.86	6	66.8	0.85	B73	Stiff_Stalk
11116.A30C085.1197726	125.86	9	71.2	0.03	B73	Stiff_Stalk
11116.A13A088.1197187	125.86	10	69.5	0.12	Mo18W	Mixed
11116.A25A103.1197934	125.86	15	74.5	0.01	P39	Sweet_Corn
11116.A29B067.1196027	125.86	3	54.5	0.91	Oh43	Non_Stiff_Stalk
11116.A26A064.1198133	125.86	2	69.2	0.47	CML333	Tropical
11116.A24B079.1196418	125.86	7	80	0	CML228	Tropical
11116.I03A076.1195434	120.16	6	66.8	0.85	Ky21	Non_Stiff_Stalk
11116.I13A078.1197328	120.16	6	66.8	0.85	Mo18W	Mixed
11116.I16A077.1195837	120.16	6	66.8	0.85	CML247	Tropical
11116.I28A083.1196054	120.16	8	73.2	0.09	Mo17	Non_Stiff_Stalk
11116.L06A065.1195531	260.1	2	69.2	0.47	Mo17	Non_Stiff_Stalk
11116.A20C118.1193655	125.86	20	49.4	0.63	Hp301	Popcorn
11116.A03C073.1195952	125.86	5	67.7	0.07	M162W	Non_Stiff_Stalk
11116.A04D091.1195890	125.86	11	76.2	0.21	MS71	Non_Stiff_Stalk
11116.A05C064.1198397	125.86	2	69.2	0.47	MS71	Non_Stiff_Stalk
11116.A21B067.1197361	125.86	3	54.5	0.91	Oh7B	Non_Stiff_Stalk
11116.A27B082.1195286	125.86	8	73.2	0.09	CML333	Tropical
11116.A29A103.1194320	125.86	15	74.5	0.01	CML322	Tropical
11116.A33A097.1194224	125.86	13	68.3	0.07	CML228	Tropical
11116.A05B064.1196973	125.86	2	69.2	0.47	Mo18W	Mixed
11116.A14D079.1198268	125.86	7	80	0	Tzi8	Tropical
11116.A22C070.1193629	125.86	4	64.8	0.4	Oh7B	Non_Stiff_Stalk
11116.A22D085.1194910	125.86	9	71.2	0.03	CML247	Tropical
11116.A06B097.1197687	125.86	13	68.3	0.07	Mo17	Non_Stiff_Stalk
11116.A09C088.1198172	125.86	10	69.5	0.12	Il14H	Sweet_Corn
11116.A18C085.1196102	125.86	9	71.2	0.03	CML69	Tropical
11116.A20B079.1197216	125.86	7	80	0	NC358	Tropical
11116.A25C082.1198046	125.86	8	73.2	0.09	P39	Sweet_Corn
11116.A29A097.1198462	125.86	13	68.3	0.07	CML322	Tropical
11116.A12A097.1196311	125.86	13	68.3	0.07	B73	Stiff_Stalk
11116.A21B064.1196858	125.86	2	69.2	0.47	Oh7B	Non_Stiff_Stalk
11116.A02B073.1196026	125.86	5	67.7	0.07	Ky21	Non_Stiff_Stalk
11116.A03B070.1195321	125.86	4	64.8	0.4	Ki3	Tropical
11116.A03D097.1197900	125.86	13	68.3	0.07	Ki3	Tropical
11116.A21A073.1196739	125.86	5	67.7	0.07	Tx303	Mixed
11116.A21B118.1194094	125.86	20	49.4	0.63	Oh7B	Non_Stiff_Stalk
11116.I03A065.1194028	120.16	2	69.2	0.47	Ky21	Non_Stiff_Stalk
11116.I03A068.1197322	120.16	3	54.5	0.91	Ky21	Non_Stiff_Stalk
11116.I06A088.1193829	120.16	10	69.5	0.12	Mo17	Non_Stiff_Stalk
11116.I10A067.1195667	120.16	3	54.5	0.91	M162W	Non_Stiff_Stalk
11116.I10A085.1197118	120.16	9	71.2	0.03	M162W	Non_Stiff_Stalk
11116.I12A066.1193789	120.16	2	69.2	0.47	B73	Stiff_Stalk
11116.I19A098.1194505	120.16	13	68.3	0.07	CML69	Tropical
11116.I30A097.1196163	120.16	13	68.3	0.07	Tzi8	Tropical
11116.I31A066.1194004	120.16	2	69.2	0.47	Mo17	Non_Stiff_Stalk
11116.L11A086.1195419	260.1	9	71.2	0.03	CML103	Tropical
11116.L30A100.1195675	260.1	14	64.1	3.31	CML247	Tropical
11116.A30C103.1194540	125.86	15	74.5	0.01	Tzi8	Tropical
11116.I23A090.1195576	120.16	10	69.5	0.12	B73	Stiff_Stalk
11116.L25A066.1194296	260.1	2	69.2	0.47	P39	Sweet_Corn
11116.A25D085.1195615	125.86	9	71.2	0.03	Ki11	Tropical
11116.A27B076.1194341	125.86	6	66.8	0.85	CML333	Tropical
11116.A29A082.1193821	125.86	8	73.2	0.09	CML322	Tropical
11116.A14B073.1195558	125.86	5	67.7	0.07	Tzi8	Tropical
11116.I01A075.1194975	120.16	5	67.7	0.07	B73	Stiff_Stalk
11116.I03A088.1198417	120.16	10	69.5	0.12	Ky21	Non_Stiff_Stalk
11116.I04A098.1194647	120.16	13	68.3	0.07	Oh43	Non_Stiff_Stalk
11116.I13A087.1193694	120.16	9	71.2	0.03	Mo18W	Mixed
11116.I13A120.1195350	120.16	20	49.4	0.63	Mo18W	Mixed
11116.I20A065.1197929	120.16	2	69.2	0.47	Hp301	Popcorn
11116.I21A102.1196305	120.16	14	64.1	3.31	NC358	Tropical
11116.I31A103.1197001	120.16	15	74.5	0.01	Mo17	Non_Stiff_Stalk
11116.I32A077.1193681	120.16	6	66.8	0.85	CML103	Tropical
11116.L03A079.1197750	260.1	7	80	0	Ki3	Tropical
11116.L13A095.1196416	260.1	12	76	0.14	B97	Non_Stiff_Stalk
11116.L31A065.1194065	260.1	2	69.2	0.47	Ki11	Tropical
11116.A04C103.1196094	125.86	15	74.5	0.01	Oh43	Non_Stiff_Stalk
11116.A05A067.1197058	125.86	3	54.5	0.91	MS71	Non_Stiff_Stalk
11116.A33C103.1195078	125.86	15	74.5	0.01	CML228	Tropical
11116.A14C097.1196350	125.86	13	68.3	0.07	M37W	Mixed
11116.A08B067.1197781	125.86	3	54.5	0.91	Il14H	Sweet_Corn
11116.I01A080.1193986	120.16	7	80	0	B73	Stiff_Stalk
11116.I13A074.1193644	120.16	5	67.7	0.07	Mo18W	Mixed
11116.I14A090.1197716	120.16	10	69.5	0.12	M37W	Mixed
11116.I15A095.1196706	120.16	12	76	0.14	Ki11	Tropical
11116.I16A079.1195414	120.16	7	80	0	CML247	Tropical
11116.I18A066.1197035	120.16	2	69.2	0.47	B97	Non_Stiff_Stalk
11116.I21A077.1194016	120.16	6	66.8	0.85	NC358	Tropical
11116.I22A102.1198322	120.16	14	64.1	3.31	Oh7B	Non_Stiff_Stalk
11116.L04A094.1196377	260.1	12	76	0.14	MS71	Non_Stiff_Stalk
11116.L08A100.1194310	260.1	14	64.1	3.31	Il14H	Sweet_Corn
11116.L17A098.1196170	260.1	13	68.3	0.07	CML103	Tropical
11116.L18A081.1198137	260.1	7	80	0	Hp301	Popcorn
11116.L24A091.1194429	260.1	11	76.2	0.21	CML228	Tropical
11116.L26A069.1193710	260.1	3	54.5	0.91	Tx303	Mixed
11116.L26A099.1193853	260.1	13	68.3	0.07	P39	Sweet_Corn
11116.L29A086.1194563	260.1	9	71.2	0.03	NC358	Tropical
11116.L30A066.1195554	260.1	2	69.2	0.47	CML247	Tropical
11116.A08B097.1197089	125.86	13	68.3	0.07	Il14H	Sweet_Corn
11116.A16A073.1194938	125.86	5	67.7	0.07	CML247	Tropical
11116.A18A079.1194658	125.86	7	80	0	B97	Non_Stiff_Stalk
11116.A27C100.1194038	125.86	14	64.1	3.31	B73	Stiff_Stalk
11116.A29B079.1195428	125.86	7	80	0	Oh43	Non_Stiff_Stalk
11116.A02D079.1197228	125.86	7	80	0	Ky21	Non_Stiff_Stalk
11116.A03D076.1195997	125.86	6	66.8	0.85	Ki3	Tropical
11116.A12B085.1198210	125.86	9	71.2	0.03	CML277	Tropical
11116.A20A082.1197310	125.86	8	73.2	0.09	Hp301	Popcorn
11116.A33B076.1195540	125.86	6	66.8	0.85	B73	Stiff_Stalk
11116.A10A082.1196965	125.86	8	73.2	0.09	Ky21	Non_Stiff_Stalk
11116.A05D103.1195579	125.86	15	74.5	0.01	Mo18W	Mixed
11116.A29C091.1195774	125.86	11	76.2	0.21	CML322	Tropical
11116.A03B082.1197011	125.86	8	73.2	0.09	Ki3	Tropical
11116.A29A094.1194132	125.86	12	76	0.14	CML322	Tropical
11116.A32C070.1197745	125.86	4	64.8	0.4	CML103	Tropical
11116.L13A068.1195003	260.1	3	54.5	0.91	B97	Non_Stiff_Stalk
11116.A23B070.1197945	125.86	4	64.8	0.4	B73	Stiff_Stalk
11116.A05C097.1198256	125.86	13	68.3	0.07	MS71	Non_Stiff_Stalk
11116.A17B091.1194148	125.86	11	76.2	0.21	Mo17	Non_Stiff_Stalk
11116.I07A085.1198029	120.16	9	71.2	0.03	CML52	Tropical
11116.I21A084.1196656	120.16	8	73.2	0.09	NC358	Tropical
11116.I27A064.1196337	120.16	2	69.2	0.47	CML228	Tropical
11116.I27A085.1193974	120.16	9	71.2	0.03	CML228	Tropical
11116.L17A078.1196165	260.1	6	66.8	0.85	Mo17	Non_Stiff_Stalk
11116.L20A089.1196367	260.1	10	69.5	0.12	NC358	Tropical
11116.L27A070.1195761	260.1	4	64.8	0.4	CML333	Tropical
11116.A09D082.1195664	125.86	8	73.2	0.09	M162W	Non_Stiff_Stalk
11116.A33C088.1193662	125.86	10	69.5	0.12	CML228	Tropical
11116.I09A079.1195993	120.16	7	80	0	Il14H	Sweet_Corn
11116.L31A090.1196724	260.1	10	69.5	0.12	Ki11	Tropical
11116.A06A076.1193863	125.86	6	66.8	0.85	Mo17	Non_Stiff_Stalk
11116.A12C103.1196971	125.86	15	74.5	0.01	B73	Stiff_Stalk
11116.A06B070.1198022	125.86	4	64.8	0.4	Mo17	Non_Stiff_Stalk
11116.A23D079.1196226	125.86	7	80	0	B73	Stiff_Stalk
11116.A22C073.1195569	125.86	5	67.7	0.07	Oh7B	Non_Stiff_Stalk
11116.I11A074.1198274	120.16	5	67.7	0.07	NC350	Tropical
11116.I11A098.1197916	120.16	13	68.3	0.07	NC350	Tropical
11116.I24A066.1196835	120.16	2	69.2	0.47	Tx303	Mixed
11116.I26A097.1197987	120.16	13	68.3	0.07	CML333	Tropical
11116.I31A098.1194107	120.16	13	68.3	0.07	Mo17	Non_Stiff_Stalk
11116.L03A065.1193914	260.1	2	69.2	0.47	Ki3	Tropical
11116.L03A068.1194466	260.1	3	54.5	0.91	Ki3	Tropical
11116.I12A102.1198027	120.16	14	64.1	3.31	B73	Stiff_Stalk
11116.I15A068.1195376	120.16	3	54.5	0.91	Ki11	Tropical
11116.I16A093.1194749	120.16	11	76.2	0.21	CML247	Tropical
11116.I20A105.1195897	120.16	15	74.5	0.01	Hp301	Popcorn
11116.I23A086.1197611	120.16	9	71.2	0.03	B73	Stiff_Stalk
11116.I30A076.1195645	120.16	6	66.8	0.85	Tzi8	Tropical
11116.I30A085.1197727	120.16	9	71.2	0.03	Tzi8	Tropical
11116.L12A090.1194257	260.1	10	69.5	0.12	B73	Stiff_Stalk
11116.L15A092.1196951	260.1	11	76.2	0.21	Mo17	Non_Stiff_Stalk
11116.L16A081.1195521	260.1	7	80	0	CML103	Tropical
11116.L16A084.1196445	260.1	8	73.2	0.09	CML103	Tropical
11116.L16A090.1198014	260.1	10	69.5	0.12	CML103	Tropical
11116.L16A102.1197559	260.1	14	64.1	3.31	CML103	Tropical
11116.L18A067.1197615	260.1	3	54.5	0.91	Hp301	Popcorn
11116.L26A082.1197141	260.1	8	73.2	0.09	Tx303	Mixed
11116.L27A101.1196249	260.1	14	64.1	3.31	CML333	Tropical
11116.L28A102.1196533	260.1	14	64.1	3.31	Mo17	Non_Stiff_Stalk
11116.I21A119.1194951	120.16	20	49.4	0.63	NC358	Tropical
11116.A25A070.1197213	125.86	4	64.8	0.4	P39	Sweet_Corn
11116.L03A091.1196634	260.1	11	76.2	0.21	Ki3	Tropical
11116.L32A071.1194971	260.1	4	64.8	0.4	M37W	Mixed
11116.A03A079.1196351	125.86	7	80	0	M162W	Non_Stiff_Stalk
11116.I09A071.1195898	120.16	4	64.8	0.4	Il14H	Sweet_Corn
11116.I20A076.1194055	120.16	6	66.8	0.85	Hp301	Popcorn
11116.I08A067.1198395	120.16	3	54.5	0.91	CML277	Tropical
11116.L19A065.1197547	260.1	2	69.2	0.47	CML69	Tropical
11116.L24A076.1197506	260.1	6	66.8	0.85	CML228	Tropical
11116.L25A074.1193799	260.1	5	67.7	0.07	P39	Sweet_Corn
11116.I25A085.1196092	120.16	9	71.2	0.03	P39	Sweet_Corn
11116.L19A072.1196261	260.1	4	64.8	0.4	CML69	Tropical
11116.A05D070.1193898	125.86	4	64.8	0.4	Mo18W	Mixed
11116.A08B091.1196978	125.86	11	76.2	0.21	Il14H	Sweet_Corn
11116.A02B091.1196657	125.86	11	76.2	0.21	Ky21	Non_Stiff_Stalk
11116.I12A068.1197045	120.16	3	54.5	0.91	B73	Stiff_Stalk
11116.L13A099.1195830	260.1	13	68.3	0.07	B73	Stiff_Stalk
11116.L27A067.1194603	260.1	3	54.5	0.91	CML333	Tropical
11116.A26C088.1195870	125.86	10	69.5	0.12	CML333	Tropical
11116.A22C088.1195279	125.86	10	69.5	0.12	Oh7B	Non_Stiff_Stalk
11116.I03A118.1195197	120.16	20	49.4	0.63	Ky21	Non_Stiff_Stalk
11116.I01A119.1196243	120.16	20	49.4	0.63	B73	Stiff_Stalk
11116.I10A105.1197184	120.16	15	74.5	0.01	M162W	Non_Stiff_Stalk
11116.I25A101.1195039	120.16	14	64.1	3.31	P39	Sweet_Corn
11116.I32A091.1195124	120.16	11	76.2	0.21	CML103	Tropical
11116.I32A103.1195945	120.16	15	74.5	0.01	CML103	Tropical
11116.L23A094.1195030	260.1	12	76	0.14	B73	Stiff_Stalk
11116.I19A079.1197043	120.16	7	80	0	CML69	Tropical
11116.L07A097.1194673	260.1	13	68.3	0.07	CML52	Tropical
11116.L08A076.1198333	260.1	6	66.8	0.85	Il14H	Sweet_Corn
11116.L28A067.1197409	260.1	3	54.5	0.91	Mo17	Non_Stiff_Stalk
11116.L07A101.1198306	260.1	14	64.1	3.31	CML52	Tropical
11116.L09A066.1196076	260.1	2	69.2	0.47	M162W	Non_Stiff_Stalk
11116.I09A083.1196037	120.16	8	73.2	0.09	Il14H	Sweet_Corn
11116.I26A093.1197054	120.16	11	76.2	0.21	CML333	Tropical
11116.I29A065.1197249	120.16	2	69.2	0.47	CML322	Tropical
11116.L04A070.1195935	260.1	4	64.8	0.4	MS71	Non_Stiff_Stalk
11116.L13A101.1195535	260.1	14	64.1	3.31	B97	Non_Stiff_Stalk
11116.L18A090.1197076	260.1	10	69.5	0.12	Hp301	Popcorn
11116.A22D070.1193862	125.86	4	64.8	0.4	CML322	Tropical
11116.I07A104.1196389	120.16	15	74.5	0.01	CML52	Tropical
11116.I12A120.1195888	120.16	20	49.4	0.63	B73	Stiff_Stalk
11116.I20A099.1197508	120.16	13	68.3	0.07	Hp301	Popcorn
11116.I29A075.1193749	120.16	5	67.7	0.07	CML322	Tropical
11116.L26A091.1197738	260.1	11	76.2	0.21	Tx303	Mixed
11116.I02A120.1195651	120.16	20	49.4	0.63	Ki3	Tropical
11116.I18A099.1195841	120.16	13	68.3	0.07	B97	Non_Stiff_Stalk
11116.L12A073.1198323	260.1	5	67.7	0.07	B73	Stiff_Stalk
11116.L24A085.1195747	260.1	9	71.2	0.03	Ki3	Tropical
11116.L07A065.1196881	260.1	2	69.2	0.47	CML52	Tropical
11116.L19A089.1194423	260.1	10	69.5	0.12	CML69	Tropical
11116.A03C088.1194163	125.86	10	69.5	0.12	M162W	Non_Stiff_Stalk
11116.L01A087.1197168	260.1	9	71.2	0.03	MS71	Non_Stiff_Stalk
11116.L11A079.1195454	260.1	7	80	0	NC350	Tropical
11116.L12A095.1195179	260.1	12	76	0.14	B73	Stiff_Stalk
11116.L02A070.1198254	260.1	4	64.8	0.4	Ky21	Non_Stiff_Stalk
11116.L10A091.1195007	260.1	11	76.2	0.21	CML277	Tropical
11116.L19A094.1196106	260.1	12	76	0.14	CML69	Tropical
11116.L24A071.1198301	260.1	4	64.8	0.4	CML228	Tropical
11116.I11A090.1195305	120.16	10	69.5	0.12	NC350	Tropical
11116.L14A090.1194316	260.1	10	69.5	0.12	Tzi8	Tropical
11116.I23A091.1194756	120.16	11	76.2	0.21	B73	Stiff_Stalk
11116.I03A098.1197529	120.16	13	68.3	0.07	Ky21	Non_Stiff_Stalk
11116.L24A075.1196901	260.1	5	67.7	0.07	CML228	Tropical
11116.L31A077.1195601	260.1	6	66.8	0.85	Ki11	Tropical
11116.L24A102.1196562	260.1	14	64.1	3.31	CML228	Tropical
11116.L14A082.1197190	260.1	8	73.2	0.09	Tzi8	Tropical
11116.I21A096.1193817	120.16	12	76	0.14	NC358	Tropical
11116.I24A118.1197344	120.16	20	49.4	0.63	Tx303	Mixed
11116.I22A105.1197160	120.16	15	74.5	0.01	Oh7B	Non_Stiff_Stalk
11116.L05A102.1196776	260.1	14	64.1	3.31	Mo18W	Mixed
11116.I05A102.1196011	120.16	14	64.1	3.31	MS71	Non_Stiff_Stalk
11116.I19A084.1194804	120.16	8	73.2	0.09	CML69	Tropical
11116.L14A069.1197457	260.1	3	54.5	0.91	Tzi8	Tropical
11116.L09A097.1198277	260.1	13	68.3	0.07	M162W	Non_Stiff_Stalk
11116.A27C061.1197137	125.86	1	71	0.01	B73	Stiff_Stalk
11116.L06A088.1196116	260.1	10	69.5	0.12	Mo17	Non_Stiff_Stalk
11116.L11A084.1195839	260.1	8	73.2	0.09	NC350	Tropical
11116.I26A074.1194972	120.16	5	67.7	0.07	CML333	Tropical
11116.L11A072.1198347	260.1	4	64.8	0.4	NC350	Tropical
11116.I16A083.1194553	120.16	8	73.2	0.09	CML247	Tropical
11116.I32A118.1193922	120.16	20	49.4	0.63	CML103	Tropical
11116.L28A063.1193929	260.1	1	71	0.01	Mo17	Non_Stiff_Stalk
11116.A28A067.1194473	125.86	3	54.5	0.91	Mo17	Non_Stiff_Stalk
11116.C03A64.1195237	237.63	12	76	0.14	Ki3	Tropical
11116.C04A63.1195219	237.63	12	76	0.14	CML52	Tropical
11116.C05A63.1194497	237.63	12	76	0.14	Mo17	Non_Stiff_Stalk
11116.C06A66.1197511	237.63	12	76	0.14	P39	Sweet_Corn
11116.C09A65.1194371	237.63	12	76	0.14	B73	Stiff_Stalk
11116.C25A65.1197173	237.63	12	76	0.14	NC350	Tropical
11116.C12A63.1195641	237.63	12	76	0.14	Il14H	Sweet_Corn
11116.C24A66.1193605	237.63	12	76	0.14	Oh43	Non_Stiff_Stalk
11116.C28A62.1194887	237.63	12	76	0.14	Ky21	Non_Stiff_Stalk
11116.C30A62.1195065	237.63	12	76	0.14	Mo17	Non_Stiff_Stalk
11116.C30A63.1195805	237.63	12	76	0.14	Mo17	Non_Stiff_Stalk
11116.I03A085.1193647	120.16	9	71.2	0.03	Ky21	Non_Stiff_Stalk
11116.I21A105.1195087	120.16	15	74.5	0.01	NC358	Tropical
11116.L03A100.1198069	260.1	14	64.1	3.31	Ki3	Tropical
11116.L32A097.1196103	260.1	13	68.3	0.07	CML247	Tropical
11116.I32A064.1197804	120.16	2	69.2	0.47	CML103	Tropical
11116.I10A118.1196783	120.16	20	49.4	0.63	M162W	Non_Stiff_Stalk
11116.I08A081.1197521	120.16	7	80	0	CML277	Tropical
11116.I08A120.1194488	120.16	20	49.4	0.63	CML277	Tropical
11116.I32A073.1196155	120.16	5	67.7	0.07	CML103	Tropical
11116.I09A086.1196667	120.16	9	71.2	0.03	Il14H	Sweet_Corn
11116.I12A094.1194780	120.16	12	76	0.14	B73	Stiff_Stalk
11116.I16A089.1196999	120.16	10	69.5	0.12	CML247	Tropical
11116.I19A074.1193772	120.16	5	67.7	0.07	CML69	Tropical
11116.I21A067.1194676	120.16	3	54.5	0.91	NC358	Tropical
11116.L21A077.1193938	260.1	6	66.8	0.85	Oh7B	Non_Stiff_Stalk
11116.I28A084.1197052	120.16	8	73.2	0.09	Mo17	Non_Stiff_Stalk
11116.L25A092.1195212	260.1	11	76.2	0.21	P39	Sweet_Corn
11116.L09A078.1195117	260.1	6	66.8	0.85	M162W	Non_Stiff_Stalk
11116.L17A061.1194845	260.1	1	71	0.01	Mo17	Non_Stiff_Stalk
11116.L22A068.1193738	260.1	3	54.5	0.91	CML322	Tropical
11116.U477A63.1197639	222.59	12	76	0.14	CML277	Tropical
11116.I13A093.1193625	120.16	11	76.2	0.21	Mo18W	Mixed
11116.U505A61.1198401	222.59	12	76	0.14	M162W	Non_Stiff_Stalk
11116.U521A61.1194655	222.59	12	76	0.14	CML333	Tropical
11116.I15A080.1196359	120.16	7	80	0	Ki11	Tropical
11116.I31A074.1194593	120.16	5	67.7	0.07	Mo17	Non_Stiff_Stalk
11116.U445A61.1194113	222.59	12	76	0.14	Mo17	Non_Stiff_Stalk
11116.U513A62.1197593	222.59	12	76	0.14	Oh7B	Non_Stiff_Stalk
11116.I05A084.1197927	120.16	8	73.2	0.09	MS71	Non_Stiff_Stalk
11116.I07A118.1197752	120.16	20	49.4	0.63	CML52	Tropical
11116.I20A086.1195931	120.16	9	71.2	0.03	Hp301	Popcorn
11116.U471A62.1196833	222.59	12	76	0.14	Tzi8	Tropical
11116.I08A090.1195762	120.16	10	69.5	0.12	CML277	Tropical
11116.I24A081.1195468	120.16	7	80	0	Tx303	Mixed
11116.I04A075.1196401	120.16	5	67.7	0.07	Oh43	Non_Stiff_Stalk
11116.I27A068.1193675	120.16	3	54.5	0.91	CML228	Tropical
11116.I26A081.1194014	120.16	7	80	0	CML333	Tropical
11116.U473A61.1196997	222.59	12	76	0.14	CML247	Tropical
11116.U519A63.1195852	222.59	12	76	0.14	Tx303	Mixed
11116.L05A084.1194795	260.1	8	73.2	0.09	Mo18W	Mixed
11116.U469A63.1193885	222.59	12	76	0.14	Mo18W	Mixed
11116.I29A089.1194492	120.16	10	69.5	0.12	CML322	Tropical
11116.U495A63.1196777	222.59	12	76	0.14	Mo17	Non_Stiff_Stalk
11116.I08A074.1196264	120.16	5	67.7	0.07	CML277	Tropical
11116.I15A097.1196443	120.16	13	68.3	0.07	Ki11	Tropical
11116.U533A61.1195011	222.59	12	76	0.14	CML228	Tropical
11116.I24A099.1194482	120.16	13	68.3	0.07	Tx303	Mixed
11116.I24A104.1197865	120.16	15	74.5	0.01	Tx303	Mixed
11116.U443A61.1194453	222.59	12	76	0.14	CML103	Tropical
11116.U453A62.1194704	222.59	12	76	0.14	M37W	Mixed
11116.L07A070.1198122	260.1	4	64.8	0.4	CML52	Tropical
11116.L08A075.1193955	260.1	5	67.7	0.07	Il14H	Sweet_Corn
11116.U497A63.1195824	222.59	12	76	0.14	B73	Stiff_Stalk
11116.L11A091.1195922	260.1	11	76.2	0.21	NC350	Tropical
11116.L17A104.1196263	260.1	15	74.5	0.01	Mo17	Non_Stiff_Stalk
11116.L23A071.1196992	260.1	4	64.8	0.4	B73	Stiff_Stalk
11116.L26A071.1193916	260.1	4	64.8	0.4	Tx303	Mixed
11116.I26A105.1194393	120.16	15	74.5	0.01	CML333	Tropical
11116.I11A102.1196665	120.16	14	64.1	3.31	NC350	Tropical
11116.A13B082.1195362	125.86	8	73.2	0.09	B97	Non_Stiff_Stalk
11116.A29B082.1197813	125.86	8	73.2	0.09	Oh43	Non_Stiff_Stalk
11116.I11A118.1196696	120.16	20	49.4	0.63	NC350	Tropical
11116.L14A101.1196409	260.1	14	64.1	3.31	Tzi8	Tropical
11116.L30A085.1194785	260.1	9	71.2	0.03	CML322	Tropical
11116.L05A079.1196294	260.1	7	80	0	Mo18W	Mixed
11116.L18A075.1195144	260.1	5	67.7	0.07	Hp301	Popcorn
11116.I16A118.1194530	120.16	20	49.4	0.63	CML247	Tropical
11116.I21A098.1194147	120.16	13	68.3	0.07	NC358	Tropical
11116.I25A119.1198455	120.16	20	49.4	0.63	P39	Sweet_Corn
11116.I29A120.1196473	120.16	20	49.4	0.63	CML322	Tropical
11116.L01A084.1196740	260.1	8	73.2	0.09	B73	Stiff_Stalk
11116.I15A101.1196613	120.16	14	64.1	3.31	Ki11	Tropical
11116.L19A077.1194622	260.1	6	66.8	0.85	CML69	Tropical
11116.L06A100.1194511	260.1	14	64.1	3.31	Mo17	Non_Stiff_Stalk
11116.L24A119.1195908	260.1	20	49.4	0.63	CML228	Tropical
11116.L16A068.1194879	260.1	3	54.5	0.91	CML103	Tropical
11116.L20A072.1197129	260.1	4	64.8	0.4	NC358	Tropical
11116.L32A076.1196174	260.1	6	66.8	0.85	M37W	Mixed
11116.L06A072.1195926	260.1	4	64.8	0.4	Mo17	Non_Stiff_Stalk
11116.A12D082.1194724	125.86	8	73.2	0.09	B73	Stiff_Stalk
11116.L13A104.1197936	260.1	15	74.5	0.01	B97	Non_Stiff_Stalk
11116.L02A100.1198181	260.1	14	64.1	3.31	Ky21	Non_Stiff_Stalk
11116.L11A077.1194677	260.1	6	66.8	0.85	NC350	Tropical
11116.L15A080.1193699	260.1	7	80	0	Mo17	Non_Stiff_Stalk
11116.I28A074.1196331	120.16	5	67.7	0.07	Mo17	Non_Stiff_Stalk
11116.I30A091.1197429	120.16	11	76.2	0.21	Tzi8	Tropical
11116.L07A082.1196478	260.1	8	73.2	0.09	CML52	Tropical
11116.L11A104.1197701	260.1	15	74.5	0.01	NC350	Tropical
11116.L05A099.1196559	260.1	13	68.3	0.07	Mo18W	Mixed
11116.L31A083.1198378	260.1	8	73.2	0.09	Ki11	Tropical
11116.L10A084.1196769	260.1	8	73.2	0.09	CML277	Tropical
11116.L09A091.1197835	260.1	11	76.2	0.21	M162W	Non_Stiff_Stalk
11116.L07A077.1194039	260.1	6	66.8	0.85	CML52	Tropical
11116.L08A105.1196972	260.1	15	74.5	0.01	Il14H	Sweet_Corn
11116.L18A101.1195895	260.1	14	64.1	3.31	Hp301	Popcorn
11116.L27A118.1197503	260.1	20	49.4	0.63	CML333	Tropical
11116.L25A090.1197313	260.1	10	69.5	0.12	P39	Sweet_Corn
11116.I27A083.1194701	120.16	8	73.2	0.09	CML228	Tropical
11116.L13A119.1196444	260.1	20	49.4	0.63	B97	Non_Stiff_Stalk
11116.L19A118.1197800	260.1	20	49.4	0.63	CML69	Tropical
11116.L19A104.1197272	260.1	15	74.5	0.01	CML69	Tropical
11116.A13B091.1194772	125.86	11	76.2	0.21	B97	Non_Stiff_Stalk
11116.I29A080.1195338	120.16	7	80	0	CML322	Tropical
11116.L13A073.1195640	260.1	5	67.7	0.07	B97	Non_Stiff_Stalk
11116.A07B091.1193796	125.86	11	76.2	0.21	CML52	Tropical
11116.I23A068.1196368	120.16	3	54.5	0.91	B73	Stiff_Stalk
11116.L02A104.1194752	260.1	15	74.5	0.01	Ky21	Non_Stiff_Stalk
11116.L23A103.1197443	260.1	15	74.5	0.01	B73	Stiff_Stalk
11116.A21B079.1197864	125.86	7	80	0	Oh7B	Non_Stiff_Stalk
11116.L32A101.1195365	260.1	14	64.1	3.31	M37W	Mixed
11116.I21A074.1195716	120.16	5	67.7	0.07	NC358	Tropical
11116.L13A088.1194159	260.1	10	69.5	0.12	B97	Non_Stiff_Stalk
11116.A18A094.1198340	125.86	12	76	0.14	Hp301	Popcorn
11116.A30C118.1195199	125.86	20	49.4	0.63	Tzi8	Tropical
11116.L14A071.1198467	260.1	4	64.8	0.4	Tzi8	Tropical
11116.L04A081.1194611	260.1	7	80	0	MS71	Non_Stiff_Stalk
11116.L21A086.1195385	260.1	9	71.2	0.03	Oh7B	Non_Stiff_Stalk
11116.L07A075.1195488	260.1	5	67.7	0.07	CML52	Tropical
11116.I04A120.1198140	120.16	20	49.4	0.63	Oh43	Non_Stiff_Stalk
11116.L03A089.1195062	260.1	10	69.5	0.12	Ki3	Tropical
11116.I04A071.1196314	120.16	4	64.8	0.4	Oh43	Non_Stiff_Stalk
11116.L29A088.1195382	260.1	10	69.5	0.12	Oh43	Non_Stiff_Stalk
